{
	"credit": "Made with Blockbench",
	"textures": {
		"1": "block/lime_wool",
		"2": "block/cyan_wool",
		"particle": "block/cyan_wool"
	},
	"elements": [
		{
			"from": [16, -16, 0],
			"to": [32, -8, 16],
			"faces": {
				"north": {"uv": [0, 0, 16, 8], "texture": "#2"},
				"east": {"uv": [0, 0, 16, 8], "texture": "#2"},
				"south": {"uv": [0, 0, 16, 8], "texture": "#2"},
				"west": {"uv": [0, 0, 16, 8], "texture": "#2"},
				"up": {"uv": [0, 0, 16, 16], "texture": "#2"},
				"down": {"uv": [0, 0, 16, 16], "texture": "#2"}
			}
		},
		{
			"from": [-16, -16, 0],
			"to": [0, -8, 16],
			"faces": {
				"north": {"uv": [0, 0, 16, 8], "texture": "#2"},
				"east": {"uv": [0, 0, 16, 8], "texture": "#2"},
				"south": {"uv": [0, 0, 16, 8], "texture": "#2"},
				"west": {"uv": [0, 0, 16, 8], "texture": "#2"},
				"up": {"uv": [0, 0, 16, 16], "texture": "#2"},
				"down": {"uv": [0, 0, 16, 16], "texture": "#2"}
			}
		},
		{
			"from": [0, -16, 0],
			"to": [16, 0, 16],
			"faces": {
				"north": {"uv": [0, 0, 16, 16], "texture": "#1"},
				"east": {"uv": [0, 0, 16, 16], "texture": "#1"},
				"south": {"uv": [0, 0, 16, 16], "texture": "#1"},
				"west": {"uv": [0, 0, 16, 16], "texture": "#1"},
				"up": {"uv": [0, 0, 16, 16], "texture": "#1"},
				"down": {"uv": [0, 0, 16, 16], "texture": "#2"}
			}
		},
		{
			"from": [0, 0, 0],
			"to": [16, 16, 16],
			"faces": {
				"north": {"uv": [0, 0, 16, 16], "texture": "#2"},
				"east": {"uv": [0, 0, 16, 16], "texture": "#2"},
				"south": {"uv": [0, 0, 16, 16], "texture": "#2"},
				"west": {"uv": [0, 0, 16, 16], "texture": "#2"},
				"up": {"uv": [0, 0, 16, 16], "texture": "#2"},
				"down": {"uv": [0, 0, 16, 16], "texture": "#2"}
			}
		},
		{
			"from": [4, 16, 4],
			"to": [12, 24, 12],
			"faces": {
				"north": {"uv": [0, 0, 8, 8], "texture": "#2"},
				"east": {"uv": [0, 0, 8, 8], "texture": "#2"},
				"south": {"uv": [0, 0, 8, 8], "texture": "#2"},
				"west": {"uv": [0, 0, 8, 8], "texture": "#2"},
				"up": {"uv": [0, 0, 8, 8], "texture": "#2"},
				"down": {"uv": [0, 0, 8, 8], "texture": "#2"}
			}
		},
		{
			"from": [-16, -16, -16],
			"to": [0, -8, 0],
			"faces": {
				"north": {"uv": [0, 0, 16, 8], "texture": "#2"},
				"east": {"uv": [0, 0, 16, 8], "texture": "#2"},
				"south": {"uv": [0, 0, 16, 8], "texture": "#2"},
				"west": {"uv": [0, 0, 16, 8], "texture": "#2"},
				"up": {"uv": [0, 0, 16, 16], "texture": "#2"},
				"down": {"uv": [0, 0, 16, 16], "texture": "#2"}
			}
		},
		{
			"from": [0, -16, -16],
			"to": [16, -8, 0],
			"faces": {
				"north": {"uv": [0, 0, 16, 8], "texture": "#2"},
				"east": {"uv": [0, 0, 16, 8], "texture": "#2"},
				"south": {"uv": [0, 0, 16, 8], "texture": "#2"},
				"west": {"uv": [0, 0, 16, 8], "texture": "#2"},
				"up": {"uv": [0, 0, 16, 16], "texture": "#2"},
				"down": {"uv": [0, 0, 16, 16], "texture": "#2"}
			}
		},
		{
			"from": [16, -16, -16],
			"to": [32, -8, 0],
			"faces": {
				"north": {"uv": [0, 0, 16, 8], "texture": "#2"},
				"east": {"uv": [0, 0, 16, 8], "texture": "#2"},
				"south": {"uv": [0, 0, 16, 8], "texture": "#2"},
				"west": {"uv": [0, 0, 16, 8], "texture": "#2"},
				"up": {"uv": [0, 0, 16, 16], "texture": "#2"},
				"down": {"uv": [0, 0, 16, 16], "texture": "#2"}
			}
		},
		{
			"from": [-16, -16, 16],
			"to": [0, -8, 32],
			"faces": {
				"north": {"uv": [0, 0, 16, 8], "texture": "#2"},
				"east": {"uv": [0, 0, 16, 8], "texture": "#2"},
				"south": {"uv": [0, 0, 16, 8], "texture": "#2"},
				"west": {"uv": [0, 0, 16, 8], "texture": "#2"},
				"up": {"uv": [0, 0, 16, 16], "texture": "#2"},
				"down": {"uv": [0, 0, 16, 16], "texture": "#2"}
			}
		},
		{
			"from": [0, -16, 16],
			"to": [16, -8, 32],
			"faces": {
				"north": {"uv": [0, 0, 16, 8], "texture": "#2"},
				"east": {"uv": [0, 0, 16, 8], "texture": "#2"},
				"south": {"uv": [0, 0, 16, 8], "texture": "#2"},
				"west": {"uv": [0, 0, 16, 8], "texture": "#2"},
				"up": {"uv": [0, 0, 16, 16], "texture": "#2"},
				"down": {"uv": [0, 0, 16, 16], "texture": "#2"}
			}
		},
		{
			"from": [16, -16, 16],
			"to": [32, -8, 32],
			"faces": {
				"north": {"uv": [0, 0, 16, 8], "texture": "#2"},
				"east": {"uv": [0, 0, 16, 8], "texture": "#2"},
				"south": {"uv": [0, 0, 16, 8], "texture": "#2"},
				"west": {"uv": [0, 0, 16, 8], "texture": "#2"},
				"up": {"uv": [0, 0, 16, 16], "texture": "#2"},
				"down": {"uv": [0, 0, 16, 16], "texture": "#2"}
			}
		}
	],
	"display": {
		"thirdperson_righthand": {
			"translation": [0, 3, 1],
			"scale": [0.255, 0.255, 0.255]
		},
		"thirdperson_lefthand": {
			"translation": [0, 3, 1],
			"scale": [0.255, 0.255, 0.255]
		},
		"firstperson_righthand": {
			"rotation": [0, -90, 25],
			"translation": [1.13, 3.2, 1.13],
			"scale": [0.68, 0.68, 0.68]
		},
		"firstperson_lefthand": {
			"rotation": [0, -90, 25],
			"translation": [1.13, 3.2, 1.13],
			"scale": [0.68, 0.68, 0.68]
		},
		"ground": {
			"translation": [0, 12, 0],
			"scale": [0.5, 0.5, 0.5]
		},
		"gui": {
			"translation": [0, 33, 0]
		},
		"head": {
			"rotation": [0, 180, 0],
			"translation": [0, 30.5, 0]
		},
		"fixed": {
			"rotation": [-90, 0, 0],
			"translation": [0, 0, -13],
			"scale": [0.5, 0.5, 0.5]
		}
	}
}